{"cameraMode":{"drawMode":0,"name":"Shaded","section":"Shading Mode"},"sceneLighting":false,"audioPlay":false,"sceneViewState":{"m_AlwaysRefresh":false,"showFog":true,"showSkybox":false,"showFlares":true,"showImageEffects":true,"showParticleSystems":true,"showVisualEffectGraphs":true,"m_FxEnabled":true},"in2DMode":false,"pivot":{"x":-0.0213010311126709,"y":0.07061892747879029,"z":0.003202497959136963},"rotation":{"x":0.25755688548088076,"y":0.19969114661216737,"z":-0.0544930137693882,"w":0.9438336491584778},"size":0.2628653347492218,"orthographic":true}