{"cameraMode":{"drawMode":0,"name":"Shaded","section":"Shading Mode"},"sceneLighting":false,"audioPlay":false,"sceneViewState":{"m_AlwaysRefresh":false,"showFog":true,"showSkybox":false,"showFlares":true,"showImageEffects":true,"showParticleSystems":true,"showVisualEffectGraphs":true,"m_FxEnabled":true},"in2DMode":false,"pivot":{"x":-2.384185791015625e-7,"y":0.7752478122711182,"z":-0.04185831546783447},"rotation":{"x":0.09814376384019852,"y":-0.8985065817832947,"z":0.25885578989982607,"w":0.3406631350517273},"size":1.4592598676681519,"orthographic":true}